{
  "operator_id": "47469940",
  "calibration_info": {
    "created_at": "2025-07-11T20:26:26.336317",
    "photos_processed": 4,
    "version": "2.0",
    "source": "master_calibration"
  },
  "facial_metrics": {
    "eye_measurements": {
      "eye_openness_avg": 0.3582542801951793,
      "eye_openness_std": 0.012439669428680761,
      "eye_openness_min": 0.3445515788940252,
      "eye_openness_max": 0.3725232323070447,
      "blink_rate_per_minute": 15.0
    },
    "eyebrow_measurements": {
      "eyebrow_distance_avg": 34.46157661284528,
      "eyebrow_distance_std": 0.39056412225611886
    },
    "mouth_measurements": {
      "mouth_ratio_avg": 0.3880545219363395,
      "mouth_ratio_std": 0.06971557050966148
    },
    "face_structure": {
      "face_width_avg": 248.25,
      "face_width_std": 18.619546181365433,
      "jaw_tension_avg": 0.5
    }
  },
  "thresholds": {
    "fatigue": {
      "microsleep_threshold": 0.21495256811710758,
      "severe_fatigue_threshold": 0.1433017120780717,
      "blink_duration_threshold": 0.3
    },
    "stress": {
      "high_tension_threshold": 24.123103628991693,
      "movement_threshold": 0.05,
      "jaw_tension_threshold": 0.7
    }
  },
  "environment_conditions": {
    "lighting_average": 221.86577351324445,
    "lighting_variation": 0.6652366979213904,
    "predominantly_dark": false
  },
  "quality_score": 0.69
}