{
  "operator_id": "47469940",
  "calibration_info": {
    "created_at": "2025-07-11T20:26:26.339891",
    "photos_processed": 4,
    "version": "1.0",
    "source": "master_calibration"
  },
  "thresholds": {
    "rotation_threshold_day": 2.4,
    "rotation_threshold_night": 2.6,
    "extreme_rotation_threshold": 2.5,
    "level1_time": 3,
    "level2_time": 7,
    "visibility_threshold": 15,
    "frames_without_face_limit": 5,
    "confidence_threshold": 0.7,
    "night_mode_threshold": 50,
    "enable_night_mode": true,
    "prediction_buffer_size": 10,
    "distraction_window": 600,
    "min_frames_for_reset": 10,
    "audio_enabled": true,
    "level1_volume": 0.8,
    "level2_volume": 1.0,
    "camera_fps": 4,
    "calibration_confidence": 1.0
  },
  "statistics": {
    "rotation_stats": {
      "mean": 0.9862939562462407,
      "std": 0.04086744669780296,
      "min": 0.9268653867444931,
      "max": 1.0278362443554885,
      "percentiles": {
        "25": 0.9592960509218208,
        "50": 0.9952370969424906,
        "75": 1.0222350022669107
      }
    },
    "tilt_stats": {
      "mean": 1.6582230679744898,
      "std": 0.5468658201837764
    },
    "face_width_stats": {
      "mean": 248.25,
      "std": 18.619546181365433
    }
  }
}