{
  "operator_id": "47469940",
  "calibration_info": {
    "created_at": "2025-07-11T20:26:26.339891",
    "photos_processed": 4,
    "version": "2.0",
    "source": "master_calibration"
  },
  "thresholds": {
    "face_tolerance": 0.7157598039215686,
    "min_confidence": 0.4,
    "recognition_threshold": 0.6157598039215686,
    "night_mode_threshold": 50,
    "night_tolerance_adjustment": 0.1,
    "enable_night_mode": true,
    "calibration_confidence": 1.0
  },
  "statistics": {
    "encoding_variability": {
      "mean_std": 0.11575980392156861,
      "max_std": 0.13191176470588237,
      "consistency_score": 0.8842401960784314
    },
    "lighting_stats": {
      "mean": 221.86577351324445,
      "std": 0.6652366979213904,
      "predominantly_dark": false
    },
    "face_size_stats": {
      "mean": 61974.75,
      "std": 8844.28443614858
    }
  }
}