{
  "operator_id": "47469940",
  "calibration_info": {
    "created_at": "2025-07-11T20:26:26.336317",
    "photos_processed": 4,
    "version": "1.0",
    "source": "master_calibration"
  },
  "thresholds": {
    "ear_threshold": 0.35,
    "ear_night_adjustment": 0.006219834714340381,
    "microsleep_threshold": 1.5,
    "blink_rate_normal": 15,
    "calibration_confidence": 1.0
  },
  "statistics": {
    "ear_stats": {
      "mean": 0.3582542801951793,
      "std": 0.012439669428680761,
      "min": 0.3445515788940252,
      "max": 0.3725232323070447,
      "percentiles": {
        "25": 0.34661804327611145,
        "50": 0.35797115478982366,
        "75": 0.3696073917088915
      }
    },
    "lighting_stats": {
      "mean": 221.86577351324445,
      "std": 0.6652366979213904
    }
  }
}