{
  "operator_id": "47469940",
  "operator_name": "Nilson Cayao",
  "calibration_info": {
    "created_at": "2025-07-11T20:26:26.322407",
    "photos_processed": 4,
    "version": "2.0",
    "model_used": "shape_predictor_68_face_landmarks.dat"
  },
  "face_metrics": {},
  "statistics": {
    "face_width": {
      "mean": 248.25,
      "std": 18.619546181365433,
      "min": 216.0,
      "max": 259.0,
      "median": 259.0
    },
    "face_height": {
      "mean": 248.25,
      "std": 18.619546181365433,
      "min": 216.0,
      "max": 259.0,
      "median": 259.0
    },
    "face_area": {
      "mean": 61974.75,
      "std": 8844.28443614858,
      "min": 46656.0,
      "max": 67081.0,
      "median": 67081.0
    },
    "left_ear": {
      "mean": 0.35703854033165044,
      "std": 0.012817019984396567,
      "min": 0.3424920187160222,
      "max": 0.3711253638840197,
      "median": 0.35726838936328
    },
    "right_ear": {
      "mean": 0.35947002005870815,
      "std": 0.012085158111573775,
      "min": 0.3466111390720282,
      "max": 0.37392110073006973,
      "median": 0.35867392021636735
    },
    "avg_ear": {
      "mean": 0.3582542801951793,
      "std": 0.012439669428680761,
      "min": 0.3445515788940252,
      "max": 0.3725232323070447,
      "median": 0.35797115478982366
    },
    "mar": {
      "mean": 0.3880545219363395,
      "std": 0.06971557050966148,
      "min": 0.3258845310001163,
      "max": 0.505413243366356,
      "median": 0.36046015668944276
    },
    "mouth_width": {
      "mean": 87.77560084589575,
      "std": 1.3014976534691036,
      "min": 86.02325267042627,
      "max": 89.05054744357274,
      "median": 88.01430163479199
    },
    "mouth_height": {
      "mean": 32.50416550990182,
      "std": 6.725267615858058,
      "min": 27.0,
      "max": 44.0,
      "median": 29.508331019803634
    },
    "head_tilt": {
      "mean": 1.6582230679744898,
      "std": 0.5468658201837764,
      "min": 1.1612419083141132,
      "max": 2.5448043798130455,
      "median": 1.4634229918854005
    },
    "head_rotation": {
      "mean": 0.9862939562462407,
      "std": 0.04086744669780296,
      "min": 0.9268653867444931,
      "max": 1.0278362443554885,
      "median": 0.9952370969424906
    },
    "eye_distance": {
      "mean": 134.31324287480896,
      "std": 0.8383247894319644,
      "min": 133.0338302838793,
      "max": 135.09256086106296,
      "median": 134.56329017714683
    },
    "nose_to_mouth": {
      "mean": 49.02551178686891,
      "std": 0.9995969365587772,
      "min": 48.010415536631214,
      "max": 50.039984012787215,
      "median": 49.0258237990286
    },
    "eyebrow_distance": {
      "mean": 34.46157661284528,
      "std": 0.39056412225611886,
      "min": 33.9901162777266,
      "max": 35.075738012978164,
      "median": 34.39022608033817
    },
    "light_level": {
      "mean": 221.86577351324445,
      "std": 0.6652366979213904,
      "min": 221.27661011080332,
      "max": 222.97238573407202,
      "median": 221.60704910405124
    }
  },
  "reference_landmarks": [
    [
      531.5,
      300.25
    ],
    [
      533.25,
      326.75
    ],
    [
      536.0,
      353.5
    ],
    [
      539.25,
      379.5
    ],
    [
      547.0,
      403.5
    ],
    [
      561.25,
      423.0
    ],
    [
      581.0,
      438.0
    ],
    [
      605.75,
      448.25
    ],
    [
      637.0,
      451.0
    ],
    [
      668.75,
      447.25
    ],
    [
      693.75,
      436.5
    ],
    [
      714.5,
      422.0
    ],
    [
      729.75,
      402.5
    ],
    [
      737.5,
      378.5
    ],
    [
      740.5,
      351.75
    ],
    [
      742.25,
      324.25
    ],
    [
      743.5,
      296.0
    ],
    [
      546.0,
      263.25
    ],
    [
      556.5,
      245.25
    ],
    [
      576.0,
      238.0
    ],
    [
      596.0,
      238.25
    ],
    [
      616.0,
      243.75
    ],
    [
      646.0,
      242.25
    ],
    [
      666.75,
      235.75
    ],
    [
      687.75,
      234.0
    ],
    [
      707.75,
      242.0
    ],
    [
      720.0,
      258.25
    ],
    [
      631.5,
      265.5
    ],
    [
      632.25,
      281.0
    ],
    [
      632.5,
      295.75
    ],
    [
      633.0,
      311.75
    ],
    [
      609.5,
      333.0
    ],
    [
      621.5,
      335.0
    ],
    [
      633.5,
      337.0
    ],
    [
      646.5,
      334.25
    ],
    [
      658.0,
      332.25
    ],
    [
      565.5,
      279.5
    ],
    [
      576.5,
      267.75
    ],
    [
      591.75,
      266.75
    ],
    [
      604.0,
      277.5
    ],
    [
      591.5,
      280.25
    ],
    [
      577.25,
      281.75
    ],
    [
      661.0,
      276.0
    ],
    [
      673.75,
      264.25
    ],
    [
      688.75,
      264.0
    ],
    [
      699.75,
      275.5
    ],
    [
      689.5,
      278.25
    ],
    [
      675.0,
      277.75
    ],
    [
      591.75,
      379.0
    ],
    [
      606.25,
      365.0
    ],
    [
      621.75,
      357.75
    ],
    [
      634.5,
      360.75
    ],
    [
      647.5,
      357.75
    ],
    [
      663.25,
      365.25
    ],
    [
      679.5,
      378.5
    ],
    [
      663.5,
      389.0
    ],
    [
      648.75,
      392.75
    ],
    [
      634.75,
      393.25
    ],
    [
      621.5,
      392.5
    ],
    [
      606.25,
      389.25
    ],
    [
      599.0,
      378.75
    ],
    [
      621.75,
      372.75
    ],
    [
      634.5,
      373.25
    ],
    [
      647.75,
      372.75
    ],
    [
      671.5,
      378.75
    ],
    [
      648.0,
      374.25
    ],
    [
      634.75,
      375.5
    ],
    [
      621.75,
      374.5
    ]
  ],
  "quality_metrics": {
    "consistency_score": 0.9035399051829898,
    "completeness": 1.0,
    "lighting_variation": 0.6652366979213904
  }
}