{
  "operator_id": "47469940",
  "operator_name": "Nilson Cayao",
  "calibration_info": {
    "created_at": "2025-07-06T20:23:33.497735",
    "photos_processed": 4,
    "version": "2.0",
    "model_used": "shape_predictor_68_face_landmarks.dat"
  },
  "face_metrics": {},
  "statistics": {
    "face_width": {
      "mean": 366.5,
      "std": 139.43009000929462,
      "min": 125.0,
      "max": 447.0,
      "median": 447.0
    },
    "face_height": {
      "mean": 366.5,
      "std": 139.43009000929462,
      "min": 125.0,
      "max": 447.0,
      "median": 447.0
    },
    "face_area": {
      "mean": 153763.0,
      "std": 79754.01148531653,
      "min": 15625.0,
      "max": 199809.0,
      "median": 199809.0
    },
    "left_ear": {
      "mean": 0.35764638108511015,
      "std": 0.05299749368912965,
      "min": 0.3051948051948052,
      "max": 0.44432491045695105,
      "median": 0.34053290434434225
    },
    "right_ear": {
      "mean": 0.33547450798696343,
      "std": 0.025300595143677967,
      "min": 0.2940552669862229,
      "max": 0.36082210598925335,
      "median": 0.34351032948618876
    },
    "avg_ear": {
      "mean": 0.3465604445360368,
      "std": 0.03678371094263717,
      "min": 0.29962503609051405,
      "max": 0.4025735082231022,
      "median": 0.34202161691526545
    },
    "mar": {
      "mean": 0.3572703325290784,
      "std": 0.010913435299621311,
      "min": 0.3467499960880697,
      "max": 0.373971515371544,
      "median": 0.35417990932835
    },
    "mouth_width": {
      "mean": 125.06037543594533,
      "std": 47.50949900620294,
      "min": 44.04543109109048,
      "max": 162.077142126828,
      "median": 147.05946426293144
    },
    "mouth_height": {
      "mean": 42.02475232584326,
      "std": 16.33769236922802,
      "min": 14.0,
      "max": 55.00909015790027,
      "median": 49.54495957273639
    },
    "head_tilt": {
      "mean": 3.985567269869331,
      "std": 2.2628585212565078,
      "min": 1.735704588928346,
      "max": 7.702284266266219,
      "median": 3.2521401121413787
    },
    "head_rotation": {
      "mean": 0.7977485918007711,
      "std": 0.23131594903195743,
      "min": 0.40450201299847804,
      "max": 0.999699834902438,
      "median": 0.893396259651084
    },
    "eye_distance": {
      "mean": 199.09975172880226,
      "std": 77.64688571687404,
      "min": 68.06614430096654,
      "max": 263.0684321616716,
      "median": 232.63221522628547
    },
    "nose_to_mouth": {
      "mean": 75.10717919985996,
      "std": 29.515447356259454,
      "min": 24.020824298928627,
      "max": 93.94147114027967,
      "median": 91.23321068011576
    },
    "eyebrow_distance": {
      "mean": 51.07968945760355,
      "std": 19.891933429153735,
      "min": 17.597472230341033,
      "max": 68.76420615208399,
      "median": 58.97853972399459
    },
    "light_level": {
      "mean": 126.7197179930139,
      "std": 18.604177141556256,
      "min": 109.10734158873021,
      "max": 156.11770534442542,
      "median": 120.82691251944999
    }
  },
  "reference_landmarks": [
    [
      281.25,
      261.75
    ],
    [
      278.75,
      301.0
    ],
    [
      280.0,
      341.0
    ],
    [
      284.75,
      381.0
    ],
    [
      296.25,
      419.25
    ],
    [
      315.75,
      454.75
    ],
    [
      341.25,
      483.25
    ],
    [
      372.5,
      505.0
    ],
    [
      413.25,
      510.75
    ],
    [
      459.5,
      507.25
    ],
    [
      502.0,
      489.75
    ],
    [
      541.0,
      467.0
    ],
    [
      573.75,
      436.25
    ],
    [
      594.5,
      397.25
    ],
    [
      603.25,
      352.25
    ],
    [
      606.25,
      305.75
    ],
    [
      607.5,
      258.75
    ],
    [
      293.75,
      216.0
    ],
    [
      307.5,
      193.75
    ],
    [
      334.25,
      187.0
    ],
    [
      361.5,
      190.0
    ],
    [
      387.5,
      199.5
    ],
    [
      430.75,
      197.25
    ],
    [
      462.0,
      184.0
    ],
    [
      496.5,
      180.5
    ],
    [
      530.75,
      189.25
    ],
    [
      553.5,
      213.0
    ],
    [
      407.75,
      232.5
    ],
    [
      405.0,
      258.25
    ],
    [
      401.5,
      283.25
    ],
    [
      398.5,
      309.75
    ],
    [
      369.5,
      337.0
    ],
    [
      386.25,
      342.25
    ],
    [
      404.5,
      345.75
    ],
    [
      425.0,
      341.5
    ],
    [
      444.75,
      337.5
    ],
    [
      320.5,
      245.5
    ],
    [
      336.0,
      231.5
    ],
    [
      357.5,
      231.25
    ],
    [
      376.25,
      245.5
    ],
    [
      357.0,
      250.5
    ],
    [
      336.0,
      252.0
    ],
    [
      457.25,
      244.0
    ],
    [
      477.0,
      227.5
    ],
    [
      499.5,
      228.0
    ],
    [
      519.5,
      241.25
    ],
    [
      500.5,
      248.5
    ],
    [
      477.75,
      248.25
    ],
    [
      353.25,
      406.25
    ],
    [
      369.75,
      388.5
    ],
    [
      389.5,
      379.0
    ],
    [
      406.25,
      384.25
    ],
    [
      424.5,
      379.0
    ],
    [
      451.5,
      389.0
    ],
    [
      478.25,
      406.0
    ],
    [
      451.5,
      419.75
    ],
    [
      426.25,
      425.5
    ],
    [
      407.25,
      426.25
    ],
    [
      389.25,
      425.0
    ],
    [
      370.5,
      419.25
    ],
    [
      363.5,
      405.25
    ],
    [
      390.0,
      399.5
    ],
    [
      406.75,
      400.75
    ],
    [
      425.25,
      399.5
    ],
    [
      466.5,
      405.5
    ],
    [
      425.25,
      399.5
    ],
    [
      406.75,
      400.75
    ],
    [
      390.0,
      399.0
    ]
  ],
  "quality_metrics": {
    "consistency_score": 0.8276256986376602,
    "completeness": 1.0,
    "lighting_variation": 18.604177141556256
  }
}