{
  "operator_id": "47469940",
  "calibration_info": {
    "created_at": "2025-07-11T20:26:26.339891",
    "photos_processed": 4,
    "version": "1.0",
    "source": "master_calibration"
  },
  "thresholds": {
    "mar_threshold": 0.6,
    "duration_threshold": 2.0,
    "frames_to_confirm": 2,
    "night_mode_threshold": 50,
    "night_adjustment": 0.05,
    "enable_night_mode": true,
    "max_yawns_before_alert": 3,
    "window_size": 600,
    "calibration_confidence": 1.0
  },
  "statistics": {
    "mar_stats": {
      "mean": 0.3880545219363395,
      "std": 0.06971557050966148,
      "min": 0.3258845310001163,
      "max": 0.505413243366356,
      "percentiles": {
        "20": 0.3395310185086332,
        "50": 0.36046015668944276,
        "80": 0.42554027926528704
      }
    },
    "mouth_width_stats": {
      "mean": 87.77560084589575,
      "std": 1.3014976534691036
    },
    "mouth_height_stats": {
      "mean": 32.50416550990182,
      "std": 6.725267615858058
    }
  }
}